name,sid,EX1.1,EX1.2,EX2.1,EX2.3,EX3.1,EX3.2,Test1,Midterm1,EX4.3,EX4.4,EX4.8,EX5.2,Test2,Midterm2
Castle,40333717P,100,100,0,100,95,70,80,0,100,63,-,80,80,25
Hughes,40451434M,0,0,0,70,0,100,0,-,0,0,-,0,0,0
English,40435440D,100,100,0,64,68,-,0,20,76,80,-,0,0,0
Bell,40281107I,100,100,100,100,100,90,80,0,100,95,100,60,0,35
Green,40284378S,-,0,0,100,0,-,0,44,0,0,-,0,0,0
Bull,40405520A,-,-,-,-,-,-,0,-,56,-,-,0,0,0
Saxon,40487826E,-,100,100,100,95,90,80,48,100,85,52,80,80,48
Bull,40387334C,100,100,100,100,100,56,0,56,100,90,70,75,40,45
Hill,40243635O,100,100,100,100,100,100,80,100,100,100,100,95,40,100
Norman,40270118F,100,100,100,100,80,85,80,96,100,95,100,67,0,100
Thompson,40313213V,100,100,100,100,50,100,80,100,100,100,100,90,80,100
Street,40279438K,100,100,100,100,100,100,80,24,100,95,100,85,80,50
Drum,40215246D,100,100,100,100,100,100,80,32,95,95,100,75,80,95
Robinson,40438723A,100,100,100,80,100,95,80,80,100,100,100,85,0,100
Rivers,40244935L,100,100,100,100,100,90,80,56,100,100,100,100,80,100
Pardie,40317996B,100,100,100,100,100,100,80,44,100,85,90,95,80,40
Smith,40385893O,100,100,100,100,100,100,80,100,100,90,100,80,80,100
Simpson,40436405B,100,100,100,100,90,55,80,70,100,85,85,75,80,95
Edwards,40408659A,100,100,100,100,90,95,80,80,100,100,90,70,80,100
Drum,40205537H,100,100,85,65,100,25,40,74,76,95,70,80,40,65
Williams,40250612P,100,100,100,80,100,100,80,40,100,85,100,90,80,70
Grove,40221033J,100,100,65,100,90,85,0,38,100,64,90,90,0,75
Street,40402810O,100,100,100,80,90,70,80,40,100,80,90,75,80,85
Field,40448636B,100,100,100,100,90,85,80,24,100,85,90,75,80,75
Williams,40201140R,100,100,100,100,100,95,80,72,90,90,85,80,80,100
Roberts,40335438S,0,100,70,60,100,95,80,88,90,90,90,75,0,90
Rose,40298745N,100,100,85,100,90,85,80,72,100,90,90,80,80,100
Brown,40430556S,100,100,70,60,100,100,80,20,100,90,90,75,40,25
Fleming,40219126W,100,100,100,100,80,100,80,36,100,67,85,90,80,80
Robinson,40240631N,100,100,100,100,100,100,80,32,100,80,90,60,80,75
Thompson,40309642I,100,0,95,80,100,100,0,20,100,95,90,63,80,50
Goodal,40231159U,100,100,100,100,100,63,80,31,100,85,90,63,80,35
Street,40235082R,100,100,95,100,100,100,80,0,100,90,100,95,80,30
McDonald,40308383O,100,100,76,100,100,100,40,28,100,90,100,80,0,90
Salmon,40258808I,100,100,100,100,100,95,80,44,100,90,90,90,80,100
French,40316699W,100,100,100,72,100,90,40,40,100,72,85,64,40,50
Davies,40432915D,100,100,100,80,50,95,80,59,100,90,100,75,40,80
Nixon,40222204W,100,100,100,100,100,100,40,12,100,67.5,80,72,0,60
Williams,40494538A,100,100,100,54,100,100,40,24,100,90,100,72,40,50
Patel,40355335D,100,100,100,100,100,95,40,56,100,100,90,75,80,80
Banks,40293340P,100,100,100,100,72,85,80,56,100,95,90,80,80,100
Thompson,40369504D,100,100,100,100,100,100,80,80,90,90,85,55,40,70
Salmon,40355404G,100,100,100,100,100,90,0,20,90,90,100,75,40,45
Moore,40249981N,100,100,100,80,90,90,80,92,100,95,90,90,80,75
Rivers,40484092H,100,100,100,100,100,100,80,76,100,95,95,75,80,100
Robinson,40289896Z,100,99,100,100,85,81,40,40,100,70,85,75,40,85
Thomas,40255542L,100,100,100,100,100,100,0,40,100,65,90,70,40,40
Field,40339842B,100,0,0,48,46,95,40,25,-,60,70,0,0,35
Apple,40345389W,100,100,100,70,100,100,80,60,100,76.5,90,0,40,95
Dickinson,40414329K,100,100,100,100,100,100,80,32,100,90,85,60,80,70
Wright,40391269C,100,100,95,100,100,100,40,28,100,70,90,55,40,50
Clark,40279629T,100,99,100,90,100,95,80,48,100,85,95,0,0,50
Smith,40466713C,100,100,100,70,100,100,80,20,100,75,95,75,80,65
Patel,40361836X,100,100,100,100,75,100,80,40,100,80,90,70,80,85
Jackson,40312080N,100,100,100,100,100,100,100,98,100,75,90,95,100,100
Pardie,40329789F,100,100,100,100,100,80,80,88,100,0,100,95,100,100
Drum,40283788E,100,100,100,100,100,95,80,0,100,75,85,0,40,50
Bell,40275573U,100,100,100,100,100,100,80,36,90,80,100,85,80,85
Ford,40481919I,100,100,60,30,100,53,0,35,100,31.5,77,90,0,60
Nixon,40396202K,100,100,100,100,100,100,80,14,90,80,90,70,80,88
Apple,40452177R,100,100,100,100,100,70,80,80,100,75,100,90,80,100
Jackson,40224328D,100,100,100,100,76,95,80,40,100,75,85,75,80,60
Hall,40473735V,100,100,60,40,100,100,40,20,90,80,85,70,80,45
Green,40416489D,100,100,80,100,100,80,80,44,100,85,80,75,80,55
Ford,40247018D,100,60,100,80,90,85,40,20,100,65,35,81,0,20
White,40499685L,100,0,100,70,100,90,80,20,100,95,90,90,40,45
White,40371287Z,100,100,100,90,100,45,80,64,100,95,90,80,80,100
Williams,40250026E,100,100,80,100,100,50,80,20,0,-,-,0,0,-
Rose,40217528K,100,100,0,0,0,-,0,-,0,-,-,0,0,-
Bell,40473633A,100,100,100,100,100,100,40,40,100,75,90,75,100,25
Hughes,40277803T,100,100,80,60,100,80,40,20,90,72,70,0,40,25
Smith,40210761J,100,100,100,100,100,90,80,20,90,73.5,100,50,80,35
Drum,40357467B,100,100,100,81,0,90,0,20,80,68,85,75,0,30
Simpson,40437050U,100,100,0,80,65,80,80,20,90,-,-,72,40,15
